n,r2,alpha_daily,alpha_annual,alpha_se_hac,alpha_p_hac,MKT_RF_coef,MKT_RF_se_hac,MKT_RF_p_hac,ticker,group,unit,model,SMB_coef,SMB_se_hac,SMB_p_hac,HML_coef,HML_se_hac,HML_p_hac,MOM_coef,MOM_se_hac,MOM_p_hac
1315,0.502102459016925,0.0010566774160859795,0.26628270885366684,0.0006101516586312309,0.083304281876309,2.0623688832286744,0.06856930979503596,9.645890418381784e-199,NVDA,AI_infra,stock,CAPM,,,,,,,,,
1315,0.589372714042232,0.0014288622169452705,0.36007327867020816,0.0005568297986020172,0.0102859146413245,1.8484003431108376,0.0668914426070181,4.487736414775842e-168,NVDA,AI_infra,stock,FF3,-0.37928551377481823,0.08444863532131854,7.078441090731593e-06,-1.0305170778511872,0.07904161649314644,7.472308213472899e-39,,,
1315,0.6067275239735082,0.0013586739308453979,0.3423858305730403,0.0005462088590407669,0.012865809825441839,1.8613951075624748,0.06432004829415358,3.7956430843443683e-184,NVDA,AI_infra,stock,Carhart4,-0.2703786355968955,0.08146061887725199,0.0009029738215860211,-1.0578051901545398,0.07548831254803964,1.3010762374827874e-44,0.40185215288908743,0.07360679625121819,4.7762902303792725e-08
1315,0.43600172082071686,-0.0002801928344707922,-0.07060859428663963,0.000695088901783843,0.6868720167649129,1.9776313481214622,0.060732333664133255,1.3675276778061444e-232,AMD,AI_infra,stock,CAPM,,,,,,,,,
1315,0.47486955115995466,6.263919634762504e-05,0.01578507747960151,0.0006802448783706399,0.9266318530765997,1.7585573639411756,0.06430836896816144,1.2148469435279401e-164,AMD,AI_infra,stock,FF3,0.012758547255997775,0.09487248894878075,0.8930222338305908,-0.7414799576784603,0.07931204026544532,8.856793905883795e-21,,,
1315,0.48146910455763936,1.809993164247873e-05,0.00456118277390464,0.0006825097306374962,0.9788428461104327,1.766803430141852,0.06712527580366229,1.103174196304016e-152,AMD,AI_infra,stock,Carhart4,0.08186740494298084,0.09487592299769854,0.38819841443589287,-0.7587961300017355,0.07657842106276197,3.8140271044779903e-23,0.2550026564883172,0.08135109193058752,0.0017209202275342856
1315,0.43151862359722004,0.0008689028322398171,0.2189635137244339,0.0005547880860922852,0.11730444697035217,1.5600918112006736,0.053814135324530006,8.701203835005137e-185,AVGO,AI_infra,stock,CAPM,,,,,,,,,
1315,0.46496585907840104,0.001052874682954081,0.2653244201044284,0.0005371327325154645,0.04997522440191737,1.4552304827197606,0.05207055936446683,7.113748649652935e-172,AVGO,AI_infra,stock,FF3,-0.2023727531870878,0.07204787880796652,0.004971651512780344,-0.5179304534866132,0.06942157094714602,8.609281506834488e-14,,,
1315,0.5093883811327182,0.0009612449280917547,0.24223372187912218,0.0005220695862346582,0.06558933557942596,1.4721949528238556,0.05140469939760011,2.1783878499663518e-180,AVGO,AI_infra,stock,Carhart4,-0.0601964570444554,0.07522986682503711,0.42361404513727796,-0.5535546748482475,0.05993264482775565,2.552165975370795e-20,0.524611958864277,0.06043947581363374,3.95923795870768e-18
1315,0.4036160160486387,0.0002642854215548027,0.06659992623181028,0.00046831199456020357,0.5725253348613724,1.3517408599768301,0.050630545657640275,4.948179564561516e-157,TSM,AI_infra,stock,CAPM,,,,,,,,,
1315,0.42325334415619753,0.0004537377159391901,0.11434190441667591,0.0004633782974872271,0.3274836344823838,1.2266538934480233,0.048937015391917936,1.169247513942758e-138,TSM,AI_infra,stock,FF3,0.07335624000666563,0.07955433907060566,0.3564817670755376,-0.371707644122441,0.07457138718862219,6.209397033975427e-07,,,
1315,0.44635285447771444,0.00039454133363044596,0.09942441607487239,0.00046191843963545154,0.3930294408931152,1.2376136003626113,0.04862752528521494,6.901857083403173e-143,TSM,AI_infra,stock,Carhart4,0.16520765218538822,0.07894178306120274,0.03636894794512892,-0.3947222754541709,0.07115009294639463,2.8938441036289038e-08,0.338919711477002,0.05897655299492635,9.100969136194563e-09
1315,0.5026148792063683,1.8098222497679842e-06,0.000456075206941532,0.0005297725752946553,0.9972742522179263,1.6906654819874931,0.06101035596507534,5.128364855351748e-169,ASML,AI_infra,stock,CAPM,,,,,,,,,
1315,0.5293259751314282,0.00021455900660512093,0.054068869664490475,0.0005181726064806245,0.6788238667199533,1.5576023965760373,0.06668664599451589,1.1689777184199856e-120,ASML,AI_infra,stock,FF3,-0.03963540314614006,0.08915625109561623,0.6566369476331843,-0.4874180465492855,0.07118718015906858,7.541898189779805e-12,,,
1315,0.5359610857414296,0.00017900008084855058,0.04510802037383475,0.0005213879313053089,0.7313618102204169,1.5641858293685338,0.06639755490071977,1.0422794550196181e-122,ASML,AI_infra,stock,Carhart4,0.015539210891174972,0.09128218504025522,0.8648271527701246,-0.5012428029772926,0.06643835893462358,4.540992377168024e-14,0.20358711778972194,0.05892302408156003,0.0005500133676140595
1315,0.49192448466481653,0.00027410921980268845,0.06907552339027749,0.0005427683512465687,0.6135443396739455,1.7675836237415126,0.05415589007185385,1.155170357543986e-233,AMAT,AI_infra,stock,CAPM,,,,,,,,,
1315,0.5062775424371511,0.00048094993696634825,0.12119938411551975,0.0005379341780930411,0.3712853082552402,1.6265589393908282,0.05435740196573525,9.761259071342969e-197,AMAT,AI_infra,stock,FF3,0.15351783115988668,0.0930482079042463,0.09896868270222606,-0.363695922184075,0.07201510066339867,4.4117897965665386e-07,,,
1315,0.5192415511518758,0.00042842265360452003,0.10796250870833905,0.0005362359826558643,0.4243227406474188,1.6362839193340606,0.05391768377597933,2.684883332545656e-202,AMAT,AI_infra,stock,Carhart4,0.2350212096860687,0.09725130579151192,0.0156645833350882,-0.3841177117306604,0.06629368956127159,6.8654920167229775e-09,0.3007368191655683,0.06659316611788084,6.300937029535847e-06
1315,0.4975110852165676,0.0003466837344066217,0.08736430107046866,0.000563915278877451,0.5387001370789741,1.854398737444286,0.054216153236209985,2.1226422308756264e-256,LRCX,AI_infra,stock,CAPM,,,,,,,,,
1315,0.5111581082198077,0.000545685429373637,0.13751272820215651,0.0005565671488603466,0.3268647764263346,1.7219992639071047,0.05633356447990441,3.2694084288419225e-205,LRCX,AI_infra,stock,FF3,0.09365195204539245,0.0926583741373162,0.31214901445530374,-0.3809208754666582,0.07720433325126574,8.059080096811496e-07,,,
1315,0.5259233420346241,0.00048720555380994847,0.12277579956010702,0.0005575668881173577,0.3822236568496348,1.7328263156893604,0.05673810896490835,7.495364652416525e-205,LRCX,AI_infra,stock,Carhart4,0.18439160445422126,0.0967147576944697,0.05657877362812881,-0.4036569401370094,0.06988174705720342,7.636763355022658e-09,0.33481746316631905,0.07139100886979487,2.7332418067951884e-06
1315,0.49863435892171093,0.0005674977006944806,0.1430094205750091,0.0005315372169911021,0.2856767301971904,1.7431024293429236,0.05090601839790528,5.820777661190009e-257,KLAC,AI_infra,stock,CAPM,,,,,,,,,
1315,0.5150281749815979,0.0007620066421735572,0.19202567382773642,0.0005233362868686792,0.14537729714642128,1.6162016114038917,0.05120319095152447,1.1352193984048216e-218,KLAC,AI_infra,stock,FF3,0.050192234230322895,0.07780082569212173,0.5188380505569874,-0.3960419675794792,0.06667077163382208,2.84563884665829e-09,,,
1315,0.5349529640544806,0.0006982224282557128,0.1759520519204396,0.0005206728863279017,0.17992039791848724,1.6280107163365312,0.04943725731323906,7.955120227926257e-238,KLAC,AI_infra,stock,Carhart4,0.1491623046056466,0.08074027332248773,0.06468430389770312,-0.42084027637555355,0.05874043384946056,7.812494382779643e-13,0.36518663024141934,0.05545401269931367,4.5367474007908044e-11
1315,0.37334521468922066,0.0003852933924374537,0.09709393489423834,0.0007245371492978081,0.5948793063559865,1.732213788697721,0.07203359307722981,8.907690000345963e-128,MU,AI_infra,stock,CAPM,,,,,,,,,
1315,0.376374257751092,0.0004974107423496658,0.12534750707211578,0.0007274868378278992,0.49414032225785487,1.6533655354556567,0.08499463958899767,2.7709773922425533e-84,MU,AI_infra,stock,FF3,0.12285782622645193,0.09772510262875429,0.20868927240235513,-0.17439542110954265,0.07701990897636192,0.0235562751193013,,,
1315,0.38833843440595506,0.00044064685379628,0.11104300715666256,0.0007274840746676407,0.5447050829229609,1.6638748868317645,0.08635234891049795,9.887532828009157e-83,MU,AI_infra,stock,Carhart4,0.21093488636142635,0.09660947533840086,0.029008073582980663,-0.1964643367604512,0.07326642534427945,0.0073291667077596346,0.32499284551667673,0.06859718897235784,2.1615836871758203e-06
1315,0.44951864164404465,-0.00037398100565030185,-0.09424321342387607,0.0006908156269480396,0.5882584168081868,2.2047377092206926,0.07320644800765287,2.927679184666625e-199,MRVL,AI_infra,stock,CAPM,,,,,,,,,
1315,0.47466173524520827,-2.1849745224818812e-05,-0.00550613579665434,0.0006768175020623216,0.9742463122023202,1.9662923104443966,0.06941558707500502,1.63597962430947e-176,MRVL,AI_infra,stock,FF3,0.23435232306678422,0.09795649247116914,0.016738025132610565,-0.6346567838508482,0.08380557616678375,3.6479764107147415e-14,,,
1315,0.4801676134599526,-6.651614111149477e-05,-0.016762067560096683,0.0006754583979327913,0.9215546813007295,1.974561913902497,0.07092492227545649,1.4167529154126417e-170,MRVL,AI_infra,stock,Carhart4,0.30365844244608564,0.10497209257584396,0.003818802463027422,-0.6520223827971542,0.08214004241192276,2.0557369897032644e-15,0.25573052636271726,0.0881679356312988,0.0037257553629492742
1315,0.15680584596565916,0.0006866556185404231,0.17303721587218662,0.0013464570473720916,0.610070961114821,1.8389305833577503,0.12795870471314486,7.836745372057137e-47,SMCI,AI_infra,stock,CAPM,,,,,,,,,
1315,0.163088701028125,0.0009544011395090402,0.24050908715627814,0.0013413951494985355,0.4767751478458241,1.6465473850908972,0.14528528044216418,8.985884682978625e-30,SMCI,AI_infra,stock,FF3,0.3607296464508621,0.20435689614844027,0.07753110129641821,-0.37783886760307545,0.19867551580149706,0.057198773181246367,,,
1315,0.1757534318641658,0.0008587331325785048,0.2164007494097832,0.0013402744890927587,0.5217082723977583,1.6642595032334104,0.14323458480614043,3.295215466935108e-31,SMCI,AI_infra,stock,Carhart4,0.5091718517712223,0.21129580934484926,0.015963087427248498,-0.41503309846443215,0.20458346559258175,0.04249153520100735,0.5477323451521278,0.15052575115454483,0.0002739167712180855
1315,0.528742562917133,-0.00010338238680344836,-0.026052361474468985,0.0003116892569395139,0.7401277689210735,1.079750884778232,0.03650793664395478,3.061550729636097e-192,MSFT,AI_platforms,stock,CAPM,,,,,,,,,
1315,0.6324800280959791,8.79400441593898e-06,0.002216089112816623,0.00026205070356882126,0.9732292892138255,1.0343969997269455,0.043400031906412354,1.4834192947667952e-125,MSFT,AI_platforms,stock,FF3,-0.4295898761077167,0.04312957571084175,2.2703837005620083e-23,-0.4914781488582166,0.03574887534361409,5.230414227844314e-43,,,
1315,0.6324831302148072,8.3152473671952e-06,0.0020954423365331905,0.00026203005814430096,0.9746842245786583,1.0344856375242493,0.04331500014581375,4.6171132885651295e-126,MSFT,AI_platforms,stock,Carhart4,-0.42884701802599867,0.04350984772331466,6.436477694391077e-23,-0.4916642821410592,0.035380287031108695,6.645954779063803e-44,0.0027410492746092197,0.030058020070031756,0.9273400762606422
1315,0.4630222083103597,0.0003378365198858261,0.08513480301122818,0.0004014779955087352,0.40007794625654114,1.1940766410985895,0.043839162689145575,2.326358697262243e-163,GOOGL,AI_platforms,stock,CAPM,,,,,,,,,
1315,0.5083258344419832,0.0004489997178804706,0.1131479289058786,0.00038671924899646667,0.24562226700280154,1.1406920176070947,0.050054529748019265,5.89639396615397e-115,GOOGL,AI_platforms,stock,FF3,-0.2866523103329271,0.06106022188338577,2.6715046846437296e-06,-0.40725813346459416,0.043051973349168694,3.088704169057291e-21,,,
1315,0.5085709119995923,0.0004540285553195769,0.11441519594053337,0.0003859903557679655,0.23948733156224333,1.1397609711088836,0.050363167342286005,2.154422695130525e-113,GOOGL,AI_platforms,stock,Carhart4,-0.2944552503505031,0.060400376341274105,1.0877728928509068e-06,-0.4053029998030816,0.04268952631259534,2.21903763442385e-21,-0.028791829289279904,0.04082198801289987,0.48062232371989655
1315,0.5173551085002301,-0.00046885301121338523,-0.11815095882577308,0.00042860107054074623,0.2739923912621255,1.4281797020845401,0.0510647737208847,3.9826068322725124e-172,AMZN,AI_platforms,stock,CAPM,,,,,,,,,
1315,0.5657821503026138,-0.0002837180834231104,-0.07149695702262382,0.0004018807250591916,0.48020316068168023,1.3226423522404702,0.05825473359567261,4.0476349169369994e-114,AMZN,AI_platforms,stock,FF3,-0.20343659864844227,0.06373906130821347,0.001414332620581104,-0.5210811555615253,0.04447827557423422,1.0627808309745746e-31,,,
1315,0.5756980230106954,-0.000247523924370934,-0.06237602894147537,0.0003956803622202591,0.5316000719066389,1.3159413114037901,0.05874169631125711,3.748899830344532e-111,AMZN,AI_platforms,stock,Carhart4,-0.2595968654067726,0.06541339910477326,7.23088727226264e-05,-0.5070094303231633,0.042348417627163085,4.96126160600793e-33,-0.20722404756465804,0.04309635674957738,1.5215147655577867e-06
1315,0.3823303455607565,-0.00013387114950081633,-0.03373552967420571,0.0006451428616123235,0.8356145440922462,1.5370226465543722,0.06611961777078297,1.5581263529385918e-119,META,AI_platforms,stock,CAPM,,,,,,,,,
1315,0.4276612866121854,8.153329966566666e-05,0.020546391515748,0.000608939202004733,0.89348640246448,1.4162184191472025,0.06668523890983931,4.3146799699655727e-100,META,AI_platforms,stock,FF3,-0.2694587745626018,0.09654881273360269,0.005256054307122047,-0.6250732795136834,0.07518074650803845,9.231612419615049e-17,,,
1315,0.43050984732066655,0.00010581942070091337,0.02666649401663017,0.0006067359669165352,0.86154506825461,1.4117220503107955,0.06727116121667734,8.889624160948145e-98,META,AI_platforms,stock,Carhart4,-0.3071420657782394,0.09333994580884927,0.0009998294541875598,-0.6156312139632206,0.071925332950473,1.1354513018989714e-17,-0.13904642164299988,0.07518555422552806,0.06440341927557394
1315,0.23299888809760372,0.0001577901332313721,0.03976311357430577,0.0005729915053832429,0.7830246666520401,1.0608452071162924,0.052516423154632084,9.73905315753357e-91,ORCL,AI_platforms,stock,CAPM,,,,,,,,,
1315,0.24564921566054,0.00012483535092682103,0.0314585084335589,0.0005544025186617765,0.821846274915309,1.1036036016006059,0.05601314660789866,2.049002254966551e-86,ORCL,AI_platforms,stock,FF3,-0.3587374095255434,0.0986594196949044,0.000276776302942715,-0.13383857980614483,0.08080232072308761,0.09764681281148717,,,
1315,0.2543356432442554,8.733975765806842e-05,0.02200961892983324,0.0005535269181733849,0.8746240650904995,1.1105455919180325,0.054189962109131476,2.4571702859146464e-93,ORCL,AI_platforms,stock,Carhart4,-0.30055778675316014,0.10392039725255528,0.003825635476736973,-0.14841628239519322,0.08711164301837077,0.08842818757758046,0.21467520744797794,0.08153206135694975,0.0084630405115532
1315,0.37801214084333745,-0.0007238473185152105,-0.18240952426583304,0.00046671135748733013,0.1209129793280913,1.2556438337985814,0.05284320800290114,8.319428386171089e-125,CRM,AI_platforms,stock,CAPM,,,,,,,,,
1315,0.41328804120840623,-0.0004887075813296485,-0.12315431049507142,0.000452912014160232,0.2805724539748168,1.1024530224603508,0.056194479039982384,1.074164863357799e-85,CRM,AI_platforms,stock,FF3,0.05708189501413078,0.07474712502442675,0.4450658523300911,-0.48083333058570504,0.05214370343476815,2.934883167537387e-20,,,
1315,0.42643249693796803,-0.00044584587745157803,-0.11235316111779767,0.00045133411499663994,0.32323103010665677,1.0945175423846212,0.05719142549402851,1.2234858061897434e-81,CRM,AI_platforms,stock,Carhart4,-0.009423993961943856,0.0751500518401358,0.900205018727377,-0.4641693677802662,0.04988050778935293,1.3320487409784506e-20,-0.24539804199672408,0.0515645980944826,1.9451482209700922e-06
1315,0.3981273859158547,-0.0006932358656205936,-0.17469543813638957,0.00052271646069282,0.18476757061175586,1.4671152421814586,0.05123461385778399,2.448096236053465e-180,NOW,AI_platforms,stock,CAPM,,,,,,,,,
1315,0.485505152666178,-0.00028958142424977313,-0.07297451891094282,0.00047845016821909794,0.5450136480231784,1.2081363046471671,0.05351567913196898,7.567227015681782e-113,NOW,AI_platforms,stock,FF3,0.032134371861964,0.08837858040557721,0.7161574025990555,-0.863209389634823,0.06100497169316626,1.8723499704158175e-45,,,
1315,0.49071255717148343,-0.0002588665746062795,-0.06523437680078244,0.0004741713005490292,0.585110813318706,1.202449711364061,0.05432214823927547,1.4380251659906268e-108,NOW,AI_platforms,stock,Carhart4,-0.015523985027504338,0.0900019867466039,0.8630563197704694,-0.8512679345426264,0.06351339979129451,5.809427780481597e-41,-0.17585311083750702,0.0675019499389701,0.009183243372650168
1315,0.3644854515976701,-0.0011222681726650251,-0.2828115795115863,0.0005108066596487972,0.028016819398738877,1.2277660587661205,0.06063016308283832,3.546153571314523e-91,ADBE,AI_platforms,stock,CAPM,,,,,,,,,
1315,0.4187590667825676,-0.0009130283156242995,-0.23008313553732346,0.0004924211496140977,0.06371606462147904,1.1065332483661496,0.06375283721931367,1.75796512537237e-67,ADBE,AI_platforms,stock,FF3,-0.19772698770611333,0.08205440551558098,0.015965383129708046,-0.570454414300986,0.06248851316017862,6.916785798744324e-20,,,
1315,0.43000420015431895,-0.0008735514772967051,-0.22013497227876969,0.00048464980685885076,0.07147644040207118,1.099224447369982,0.06467025767612317,8.588433120078752e-65,ADBE,AI_platforms,stock,Carhart4,-0.2589807874712968,0.08415751362758016,0.0020886105374456586,-0.555106434495077,0.06479712919650327,1.0636642233571666e-17,-0.22601851894112782,0.05475713743375212,3.664829449264416e-05
1315,0.16929827329313152,0.0003512993328432599,0.0885274318765015,0.00039840626066814426,0.3779057536438054,0.5910991132010243,0.03952126559493637,1.4129986920608264e-50,IBM,AI_platforms,stock,CAPM,,,,,,,,,
1315,0.21452635710208345,0.00015651590527567872,0.03944200812947104,0.0003957713548168826,0.6924956705243557,0.7198728089811675,0.0428916598510692,3.2218906377882154e-63,IBM,AI_platforms,stock,FF3,-0.07816883159452964,0.05837310444292905,0.18053027243173758,0.3805905795205205,0.04731556939960939,8.719082307530334e-16,,,
1315,0.21517386497309487,0.0001632076767761937,0.04112833454760081,0.00039454304263398686,0.67912126545286,0.7186338843792669,0.04248305913321238,3.442560143882111e-64,IBM,AI_platforms,stock,Carhart4,-0.08855204486422424,0.059560550185307516,0.1370790910859065,0.3831922360413344,0.04749900185851525,7.182597836494171e-16,-0.03831270050286922,0.037567839119588005,0.30781046719162874
1315,0.3096108504981684,-0.001301207993034947,-0.32790441424480665,0.0008003630085328243,0.1039981073571424,1.8573835703384278,0.09366387188072339,1.6303347052888238e-87,SNOW,AI_platforms,stock,CAPM,,,,,,,,,
1315,0.4015805516696985,-0.0005872025763939842,-0.14797504925128402,0.0007409371784781566,0.4280614335762858,1.3625305967286838,0.08817657108744342,7.280168533416121e-54,SNOW,AI_platforms,stock,FF3,0.6624264944838877,0.10767793430729544,7.654844340424086e-10,-1.1794502892371297,0.10436549878433882,1.2950891069445456e-29,,,
1315,0.4076178876843296,-0.0005397236684998448,-0.13601036446196088,0.0007369085920482055,0.4639146750983454,1.3537402805834435,0.0907600682359096,2.609468165697331e-50,SNOW,AI_platforms,stock,Carhart4,0.5887563719404589,0.10863492465639549,5.973703886936148e-08,-1.1609912294330065,0.10544251416911433,3.395232778087497e-28,-0.27183312792525394,0.08491275974457861,0.0013679833102497293
1315,0.5459789530184548,-3.7529473933439964e-05,-0.009457427431226871,0.00034817363981133105,0.9141626462072836,1.160453811430741,0.04445622381887161,3.3451468623970514e-150,AAPL,Broad_tech,stock,CAPM,,,,,,,,,
1315,0.5751635832080308,6.666709508611565e-06,0.0016800107961701142,0.0003341632569640418,0.984082894706155,1.1490792961109835,0.04640525808993495,2.3118720399261794e-135,AAPL,Broad_tech,stock,FF3,-0.2762500183452373,0.05138948840879099,7.632243180164266e-08,-0.25502341725243505,0.040704088512095504,3.7210294727336883e-10,,,
1315,0.5771640752406717,1.952528488814118e-05,0.004920371791811578,0.00033369738002714586,0.9533408429515798,1.1466986401991826,0.04519539382201765,5.1360440824009535e-142,AAPL,Broad_tech,stock,Carhart4,-0.29620188467840336,0.052992728058383336,2.2774834167445318e-08,-0.2500242034445485,0.042953039947147824,5.854093518909334e-09,-0.0736197802588679,0.037225641097803956,0.047966715086129236
1315,0.34516651964655487,0.00011418549087511094,0.028774743700527957,0.00032735010017939653,0.7272262160352498,0.7840112154854306,0.034148183466220436,1.1955088120043413e-116,CSCO,Broad_tech,stock,CAPM,,,,,,,,,
1315,0.3577841106317161,5.175677347799503e-06,0.0013042706916454748,0.0003275757902919488,0.987393997483772,0.862221648725378,0.037171079099476347,4.992742800693434e-119,CSCO,Broad_tech,stock,FF3,-0.14494975203064317,0.049585238500257346,0.0034640492016785296,0.15493334699126518,0.03713524927811733,3.0175612016068675e-05,,,
1315,0.35784525218638574,3.26555706613243e-06,0.0008229203806653723,0.00032768181429934017,0.9920487060167361,0.8625752912562453,0.03733880329559731,4.491650007485186e-118,CSCO,Broad_tech,stock,Carhart4,-0.14198593501256063,0.04940451579910266,0.004053776318571325,0.1541907219799789,0.037302755244085474,3.5728933595306044e-05,0.010936097603863597,0.035943670799587414,0.7609324379059718
1315,0.26130347585391667,-0.0006762793307277149,-0.17042239134338413,0.0007282012850029085,0.35304543690703716,1.4032523967905701,0.07859550946697197,2.685561726101938e-71,INTC,Broad_tech,stock,CAPM,,,,,,,,,
1315,0.2640648132297714,-0.0007446936789581289,-0.18766280709744848,0.0007230462871563987,0.30303857077746,1.4439648079648846,0.08699953080756141,7.2792503496503375e-62,INTC,Broad_tech,stock,FF3,0.04696569982624304,0.11543119118590443,0.6841021278400223,0.17637331238467968,0.08771008277380112,0.044339505191086544,,,
1315,0.26416940319351967,-0.0007498328460589999,-0.18895787720686796,0.0007251316454228251,0.3011060407409235,1.4449162810619294,0.08760277386878168,4.055092818376602e-61,INTC,Broad_tech,stock,Carhart4,0.05493983164334049,0.12239202468990107,0.6535152795477618,0.17437528426940083,0.08736240582443394,0.04593401967677999,0.029423504665031824,0.07450896505902267,0.692917538250475
1315,0.45316309585266423,-0.0003292419139955174,-0.08296896232687037,0.0003949152239448923,0.40444849985462183,1.18137636729716,0.048504853380807685,5.02776267633312e-131,TXN,Broad_tech,stock,CAPM,,,,,,,,,
1315,0.4544172997565512,-0.00032597587347822535,-0.08214592011651278,0.00039411498991848105,0.40817554481754115,1.174171389096683,0.053767096908057886,1.008570897805637e-105,TXN,Broad_tech,stock,FF3,0.08444087589737537,0.061678747379687794,0.17098574005869305,0.04131239691840561,0.04809643914885889,0.390368555111513,,,
1315,0.4546727264429643,-0.0003208416037623896,-0.08085208414812219,0.00039398092541857087,0.4154397679343269,1.1732208227087906,0.053301971678559774,2.2678450891587192e-107,TXN,Broad_tech,stock,Carhart4,0.07647434305320575,0.06346710718260762,0.22822472001084593,0.04330852100677452,0.05002272014561402,0.38661245978532455,-0.02939546544765448,0.04805449089939104,0.5407289171383305
1315,0.48551213608113564,-0.0007211890862639841,-0.181739649738524,0.0004467587091404571,0.1064689204898062,1.4994685306396658,0.04837968137294781,6.540861911148164e-211,QCOM,Broad_tech,stock,CAPM,,,,,,,,,
1315,0.4904554892681996,-0.0006167577231109287,-0.15542294622395403,0.0004492913284732079,0.16983488870996444,1.4279941649131673,0.050725717299337246,2.3110868818245847e-174,QCOM,Broad_tech,stock,FF3,0.08200237382267703,0.06351290685931645,0.19666431066889944,-0.1810478465749908,0.060362009212330134,0.0027054079811145854,,,
1315,0.4905534131775039,-0.0006128595042758264,-0.15444059507750824,0.00044935647463203613,0.17261150406508108,1.4272724428373027,0.05075035642056522,5.070357612440796e-174,QCOM,Broad_tech,stock,Carhart4,0.07595374566269301,0.06473659737384038,0.24068607450433266,-0.17953227981490835,0.06119012223543733,0.0033461608309134296,-0.022318647717951973,0.057409007268178415,0.6974495429108201
1315,0.44441435016831643,-0.0004951092662138052,-0.12476753508587891,0.000481323823169166,0.3036485531038958,1.330253808555109,0.055714508463172704,5.4060794210679226e-126,INTU,Broad_tech,stock,CAPM,,,,,,,,,
1315,0.49084648738424774,-0.00027788162254168867,-0.07002616888050554,0.0004654592003922553,0.5505038234752271,1.1980158962602132,0.05735117202182293,6.72376953536577e-97,INTU,Broad_tech,stock,FF3,-0.10021243205188538,0.06941211890679704,0.14881464071660305,-0.531954350674721,0.05598082025513825,2.05030065505363e-21,,,
1315,0.5077623689009471,-0.00023037301245710577,-0.058053999139190654,0.0004598783330998064,0.6164109624060625,1.1892200810069462,0.058980237727381035,2.068364259007223e-90,INTU,Broad_tech,stock,Carhart4,-0.17392864167062805,0.07482254342438953,0.02009610774729102,-0.5134837431216578,0.054689169372633746,6.049765257077223e-21,-0.272003183212352,0.058327093647565935,3.1101142281709385e-06
1315,0.37837345200391415,-0.0006335804223837253,-0.15966226644069878,0.0003755188338208805,0.09156231852169533,0.954011120313542,0.03698229681978426,9.724623149719893e-147,ACN,Broad_tech,stock,CAPM,,,,,,,,,
1315,0.3785732932808149,-0.0006356875706048907,-0.16019326779243245,0.0003714984879765115,0.08705445295222425,0.957230081890912,0.041196768596813454,1.9909862475735744e-119,ACN,Broad_tech,stock,FF3,-0.030927798101697844,0.06092785910344955,0.6117244869121705,-0.013141742924362404,0.047425370132620576,0.7817005231533922,,,
1315,0.41103032812009377,-0.0005845391694350855,-0.14730387069764153,0.0003624073089696882,0.10675878816711963,0.9477603902626353,0.04121945727504814,5.47274343152906e-117,ACN,Broad_tech,stock,Carhart4,-0.11029164931896987,0.05914727057164933,0.06222409778978263,0.006743958705109496,0.049632933435699966,0.8919187633186777,-0.29284224290339533,0.04718291769808274,5.416692869660171e-10
1315,0.2585659540860503,0.0001866422483992294,0.04703384659660581,0.0005880784284979888,0.7509579686877248,1.1807169357788767,0.042687909636421995,2.1582469533014307e-168,PANW,Broad_tech,stock,CAPM,,,,,,,,,
1315,0.3004503009203374,0.00044344473205472986,0.11174807247779192,0.0005676621012453842,0.43469823885229986,1.020660595418188,0.04820777061002636,1.7262377977073454e-99,PANW,Broad_tech,stock,FF3,-0.05706372249858208,0.092166970916278,0.5358279641661301,-0.5936365682264668,0.063445227896003,8.228308309674063e-21,,,
1315,0.3012845841784799,0.0004311674729775436,0.108654203190341,0.0005674009228938526,0.44731487611175025,1.0229336255587373,0.04802646852230529,1.150528430273254e-100,PANW,Broad_tech,stock,Carhart4,-0.03801384917976653,0.0946480889176461,0.6879537254000767,-0.5984097753111398,0.0631378067161505,2.5961098161338866e-21,0.07029154387222428,0.05647751883354387,0.21328126925155821
1315,0.4692230926497155,-0.00011200006452766609,-0.028224016260971853,0.00045288392569852007,0.8046728639760502,1.3864307335033106,0.04103103443647319,2.78409019497289e-250,CDNS,Broad_tech,stock,CAPM,,,,,,,,,
1315,0.5336824899877757,0.00015282756728451168,0.03851254695569694,0.00041046792416255147,0.7096507104978482,1.2240812391894633,0.04010549864413702,1.3500246404224362e-204,CDNS,Broad_tech,stock,FF3,-0.10347269466002451,0.06321690762459242,0.10167471159587713,-0.6377908201646478,0.05456370771320085,1.4522133492927738e-31,,,
1315,0.5417207680187367,0.00011960948676240137,0.030141590664125143,0.0004082006007097093,0.7695095857559983,1.2302312843879668,0.03923947180424436,9.171047149788959e-216,CDNS,Broad_tech,stock,Carhart4,-0.05193022725210175,0.06334554310011196,0.4123341723072027,-0.6507054924291628,0.05048948320699606,5.263009541585051e-38,0.19018497123066178,0.051594640935102735,0.00022768283979043036
1315,0.46896197740007617,-0.0008073766811538247,-0.20345892365076382,0.00043066102132922684,0.06082874464122953,1.3525792961769483,0.06066420233132749,4.0252239114644364e-110,ADSK,Broad_tech,stock,CAPM,,,,,,,,,
1315,0.49748231045480507,-0.0005749928245240835,-0.14489819178006905,0.0004290659025741247,0.18021161748794456,1.1927217383735176,0.058959423910784854,5.380780428717486e-91,ADSK,Broad_tech,stock,FF3,0.1958293202421901,0.0646556152825643,0.0024552223130017525,-0.39521100172741497,0.05531590704569856,9.024678286659328e-13,,,
1315,0.5130328260212698,-0.0005299058754169042,-0.13353628060505987,0.00042567661427610806,0.21318487008858988,1.1843742730619828,0.05904388697441524,1.6769639442327896e-89,ADSK,Broad_tech,stock,Carhart4,0.12587065410698173,0.06226213649412452,0.04321516973320992,-0.3776818982398335,0.05590852372571459,1.424864196065007e-11,-0.2581383386433446,0.055716889870404074,3.603424080127619e-06
1315,0.08660204669323202,0.00016628790744942714,0.04190455267725564,0.0002642334478280014,0.5291383069479858,0.26625271950648755,0.03417573354638516,6.664155698133195e-15,KO,Defensive,stock,CAPM,,,,,,,,,
1315,0.16657331883466076,-1.1122624645634465e-05,-0.002802901410699885,0.00025572544903820164,0.9653074294693273,0.4000898708340459,0.03889466702989449,8.107242129848743e-25,KO,Defensive,stock,FF3,-0.34384407371075304,0.04561935087805909,4.800161599860729e-14,0.19022053138175463,0.04217747691650228,6.482682521872883e-06,,,
1315,0.18408912225268725,1.0796819621400199e-05,0.00272079854459285,0.0002562452205514046,0.9663913052842416,0.39603167208052675,0.03876072594501488,1.6582200775150507e-24,KO,Defensive,stock,Carhart4,-0.37785513708294166,0.045696766769691234,1.3537087225864267e-16,0.19874246987071287,0.040968376666135675,1.2276686492233565e-06,-0.12549638064027963,0.029915007684695613,2.7275396602274746e-05
1315,0.07383773920431658,-5.648974902528603e-05,-0.01423541675437208,0.00030069805678709257,0.8509848040692962,0.2797815601265642,0.03555587868588335,3.581023599494786e-15,PEP,Defensive,stock,CAPM,,,,,,,,,
1315,0.12430262642037349,-0.0002093141462124638,-0.05274716484554087,0.0002961180166897928,0.4796531375267048,0.39742929352318157,0.03764092145466881,4.6432924453372356e-26,PEP,Defensive,stock,FF3,-0.3350445633856189,0.04504441345327447,1.0214867670390048e-13,0.1415689992029077,0.041451720677495876,0.0006371779417523372,,,
1315,0.1577835362676724,-0.00017482653996597517,-0.04405628807142574,0.00029430471734307286,0.5524904373094255,0.3910442064299012,0.03689315269095558,2.9999160301913134e-26,PEP,Defensive,stock,Carhart4,-0.3885568763491444,0.0446479442342886,3.241302224781566e-18,0.1549772432935628,0.04173959603005638,0.00020485329254862816,-0.19745344399034032,0.03869742717133342,3.352039036416341e-07
1315,0.06771058672241315,-9.229479616334443e-05,-0.0232582886331628,0.00028712717900031086,0.7478752967902227,0.25867955923355157,0.03278440295625968,3.0140316629474915e-15,PG,Defensive,stock,CAPM,,,,,,,,,
1315,0.12276248623352481,-0.0002366933213804343,-0.05964671698786944,0.00028131710579096106,0.40013760464728176,0.37227135249743293,0.0382002287428065,1.9327392051230662e-22,PG,Defensive,stock,FF3,-0.35661504633379315,0.04913405404886673,3.9285070509617184e-13,0.11078999683009395,0.04571942648111206,0.01538196941597001,,,
1315,0.15264158308457954,-0.00020523742320744995,-0.051719830648277385,0.0002801113640890762,0.4637418013201756,0.3664475603792915,0.03713492850465907,5.729426279473743e-23,PG,Defensive,stock,Carhart4,-0.40542324298133325,0.04714423864929875,7.997004980427844e-18,0.12301956004708627,0.04254837343892643,0.0038366753935727433,-0.18009586932980182,0.030725708341923345,4.589626371657058e-09
1315,0.11802887670497708,0.00047621583991049407,0.1200063916574445,0.0003430246041705969,0.1650503424714399,0.41337686094370035,0.048485895044249,1.5187044099926436e-17,WMT,Defensive,stock,CAPM,,,,,,,,,
1315,0.13066027186100337,0.0003936974337612742,0.0992117533078411,0.0003399659883955258,0.2468438475989565,0.4785740360166923,0.04969283635715824,5.935607011582807e-22,WMT,Defensive,stock,FF3,-0.20846589606803279,0.05634637677956021,0.00021583627528023306,0.060631003380010165,0.03830276884867312,0.11343503072598439,,,
1315,0.13094221881787305,0.00038999897938765335,0.09827974280568864,0.0003404809187264453,0.25202874138983233,0.4792587734008133,0.04984249275902111,6.879740224626918e-22,WMT,Defensive,stock,Carhart4,-0.2027272302265795,0.056440864822497716,0.0003283363749310317,0.05919310193087346,0.03819803639701065,0.12122859536270006,0.02117492725603236,0.03922955808468577,0.5893558574335178
1315,0.03434234549547155,0.0002540646579465206,0.06402429380252318,0.00027747328807503646,0.35985760401235944,0.17596306276513862,0.02717460729482754,9.463924279222044e-11,JNJ,Defensive,stock,CAPM,,,,,,,,,
1315,0.08059272945341134,0.00010561631765099175,0.02661531204804992,0.00027030224006304864,0.6959937490512081,0.28347987593538526,0.029104245303535066,2.0324304553984912e-22,JNJ,Defensive,stock,FF3,-0.21404286923624072,0.043660305330064784,9.46442358285428e-07,0.2014328459093489,0.03913940719420991,2.6532330392096666e-07,,,
1315,0.1075427238755392,0.0001341508270090475,0.033806008406279967,0.0002697629813189967,0.6189835326927495,0.27819695411956014,0.029253086284414063,1.906560482171218e-21,JNJ,Defensive,stock,Carhart4,-0.25831812522574576,0.0437626306822043,3.575781439136678e-09,0.21252661866195194,0.03833813699634529,2.9652195976687674e-08,-0.16336991048472424,0.03667159624177394,8.391506507246262e-06
1315,0.03622180245744833,0.00023755967028283779,0.05986503691127512,0.00040990088285829877,0.5622154639560673,0.2508768537035519,0.04389008102894006,1.0904392354869511e-08,MRK,Defensive,stock,CAPM,,,,,,,,,
1315,0.05968753322791931,9.070960649204266e-05,0.02285882083599475,0.00040254581394903667,0.821714914151238,0.3562536438121748,0.04384205300383576,4.442634191613971e-16,MRK,Defensive,stock,FF3,-0.19555244924774404,0.06638212397627326,0.003220580457525404,0.20855039504470374,0.05059630169136973,3.75840972726553e-05,,,
1315,0.06727179242122039,0.00011172399138755607,0.02815444582966413,0.00040089356884372694,0.7804847233272708,0.3523630091067502,0.04255469391290632,1.2292896956315143e-16,MRK,Defensive,stock,Carhart4,-0.22815918725176182,0.06683527328678132,0.0006407438125821613,0.21672046054824323,0.049612476135367595,1.252372750960115e-05,-0.12031460349270323,0.05055050217844926,0.017308541365611458
1315,0.1443910529137361,0.0001176515597065939,0.02964819304606166,0.0002674503529519248,0.6600091311735129,0.36991304765738525,0.03361554503950798,3.6463442303769196e-28,MCD,Defensive,stock,CAPM,,,,,,,,,
1315,0.1773784784874528,-6.206760916424377e-06,-0.001564103750938943,0.00026798421621248295,0.9815219117885907,0.4628538587863317,0.03756312523007396,6.893903595306562e-35,MCD,Defensive,stock,FF3,-0.2318655539179094,0.04947726274708791,2.7818133493321536e-06,0.13749897554269705,0.035047354639770274,8.736819553994613e-05,,,
1315,0.1794067147668459,1.8187615594670136e-06,0.0004583279129856874,0.00026869289645892674,0.9945992219904257,0.4613680015304936,0.037927466267049154,4.804803534396484e-34,MCD,Defensive,stock,Carhart4,-0.24431826714357577,0.048679052645257063,5.195169224429173e-07,0.14061917366671522,0.0347930277756416,5.3089863828959196e-05,-0.045948884981067105,0.03672715665477816,0.21090257163647452
1315,0.29642611181996037,0.00038132356050570645,0.09609353724743802,0.0003345792034678062,0.2544067702674503,0.6961050939435509,0.043199674560656716,2.045327319363537e-58,COST,Defensive,stock,CAPM,,,,,,,,,
1315,0.32895609779932555,0.00037722162041636787,0.0950598483449247,0.00032723490466301874,0.24901102486779791,0.717106142837927,0.04955322212717378,1.8360618318925992e-47,COST,Defensive,stock,FF3,-0.302965527928103,0.05417181911971857,2.2359404350462014e-08,-0.16485999729142164,0.0366947746326001,7.031336845671199e-06,,,
1315,0.3292227712996637,0.0003733996172072327,0.09409670353622264,0.0003271942268355728,0.25377962752200967,0.7178137542385622,0.049591247039330495,1.7532790117705293e-47,COST,Defensive,stock,Carhart4,-0.2970351589019394,0.05353301166152761,2.8790801434411288e-08,-0.16634593260325664,0.03712220172672515,7.428148289320269e-06,0.02188228696352212,0.03385471907097478,0.5180471809038176
1315,0.03135347465017968,-9.762811543329626e-05,-0.024602285089190656,0.0003029374760393884,0.747247020461711,0.18332677672517209,0.032579146881600955,1.8324300418605842e-08,CL,Defensive,stock,CAPM,,,,,,,,,
1315,0.0890211846217871,-0.00026611715391061723,-0.06706152278547554,0.00029705031786161673,0.3703245618247537,0.31175732294071473,0.03659097416575837,1.5946964618270787e-17,CL,Defensive,stock,FF3,-0.34836141301636353,0.050494069048597164,5.234921211152208e-12,0.16814284910773586,0.04884501377858492,0.0005766305158871333,,,
1315,0.11138420011519501,-0.00023777500470863942,-0.05991930118657714,0.0002960328083794395,0.4218563090205949,0.3065100149723992,0.03600965635065379,1.7112984905401693e-17,CL,Defensive,stock,Carhart4,-0.3923381954962786,0.04811175193437724,3.4996992472741593e-16,0.17916183522807533,0.048067624116050846,0.00019355193814783394,-0.16226858222689744,0.03567738064204201,5.410151950438575e-06
1315,0.0038289946927041463,-0.00036713620656943815,-0.09251832405549841,0.00035061945365668225,0.2950500703210571,0.07421059969787105,0.042624903852135125,0.08168093807879619,GIS,Defensive,stock,CAPM,,,,,,,,,
1315,0.05329875557233221,-0.0005609551723747396,-0.14136070343843438,0.00034755476295262005,0.10652631230520855,0.21279469861856795,0.04529518065504234,2.627799273928683e-06,GIS,Defensive,stock,FF3,-0.24991560415818825,0.056708195344577425,1.0479012152386777e-05,0.2799484020149592,0.048550640171380374,8.112142686297999e-09,,,
1315,0.08990106966034273,-0.0005189539080080215,-0.13077638481802142,0.0003477990641677169,0.13567072799886273,0.20501852160319417,0.04443259146834352,3.9471244403303035e-06,GIS,Defensive,stock,Carhart4,-0.31508640167861307,0.06033475197474841,1.7671078997439587e-07,0.29627783934150725,0.04722440316453196,3.5227495103057046e-10,-0.2404717289416376,0.04722560673079032,3.543480814360439e-07
1315,0.6313514307327837,0.00034524921071735855,0.08700280110077435,0.0004219181234225893,0.4131945515863935,1.7984968414836384,0.041229951045714086,0.0,PORT_AI_infra,AI_infra,portfolio,CAPM,,,,,,,,,
1315,0.6620684037366278,0.000584661542176247,0.14733470862841425,0.0004071471463050166,0.1510035712605919,1.64340086595351,0.03949991061952562,0.0,PORT_AI_infra,AI_infra,portfolio,FF3,0.04364753912130158,0.06199145195661565,0.48137695115673695,-0.49787300158924225,0.0595020150004586,5.893841137474058e-17,,,
1315,0.6838721159492689,0.0005234795169083725,0.13191683826090989,0.0004034552684423514,0.19446235332206485,1.6547281977806318,0.03917446885748887,0.0,PORT_AI_infra,AI_infra,portfolio,Carhart4,0.13857995224571473,0.06308375402361145,0.028037495204417374,-0.5216596199728407,0.053332362618506796,1.354648151689999e-22,0.35028820246483944,0.04786840651091931,2.5219561722731824e-13
1315,0.7299972592904709,-0.0003699739911392965,-0.09323344576710271,0.00024192572959304124,0.12619319018119163,1.2698882899917636,0.029601241230890744,0.0,PORT_AI_platforms,AI_platforms,portfolio,CAPM,,,,,,,,,
1315,0.8013876504297858,-0.0001741559702856238,-0.0438873045119772,0.00020274035599519263,0.3903350612894072,1.1517079371505834,0.030099532509512705,0.0,PORT_AI_platforms,AI_platforms,portfolio,FF3,-0.1072128027117892,0.033437796885622685,0.0013443704045119332,-0.4892086141442287,0.02670799245723021,6.063068617066346e-75,,,
1315,0.8065117254219747,-0.00015468008644033956,-0.03897938178296557,0.0001990525283008829,0.4371105422364685,1.1481021428347125,0.03119829069159159,1.8352956248206715e-296,PORT_AI_platforms,AI_platforms,portfolio,Carhart4,-0.13743234256991843,0.033765836862192554,4.698095602226773e-05,-0.48163669388353586,0.025822177714397567,1.2151430083677427e-77,-0.11150615419778331,0.02459287004721023,5.785382948103593e-06
1315,0.7974917203206424,-0.00035114784999253394,-0.08848925819811855,0.00017891616100065846,0.04968812615606756,1.2232554215971356,0.0176311278972286,0.0,PORT_Broad_tech,Broad_tech,portfolio,CAPM,,,,,,,,,
1315,0.8146774556036747,-0.00025678746070222964,-0.06471044009696186,0.00017450827642006384,0.14115822091748287,1.1650140857943392,0.018225122033794266,0.0,PORT_Broad_tech,Broad_tech,portfolio,FF3,-0.030363814789958508,0.026983742980122294,0.260477490406527,-0.22351866912506882,0.022785106441044086,1.0211168858013509e-22,,,
1315,0.816711564863987,-0.0002454784209712094,-0.061860562084744775,0.00017331966802735962,0.15667793642694552,1.1629203132341719,0.018114562980688646,0.0,PORT_Broad_tech,Broad_tech,portfolio,Carhart4,-0.047911361264620964,0.02807535242984755,0.08790990888955691,-0.21912189063999885,0.02468683492058703,6.926890548303657e-19,-0.0647481540811784,0.024264484453694307,0.007620594760729593
1315,0.16464525130252206,0.00010195543286102153,0.025692769080977427,0.00020297809636610938,0.6154581202631005,0.2968486134302973,0.024242826857603626,1.791137933721097e-34,PORT_Defensive,Defensive,portfolio,CAPM,,,,,,,,,
1315,0.23821685665012482,-3.2316420111963847e-05,-0.008143737868214889,0.00019673480401126761,0.8695234235032161,0.3992610095802454,0.025704081813549703,2.075057966545662e-54,PORT_Defensive,Defensive,portfolio,FF3,-0.2786672997002747,0.033651337547251095,1.221277089925109e-16,0.13339240011227893,0.03146477036279384,2.2409729652002428e-05,,,
1315,0.26240057974318987,-1.1490387971772866e-05,-0.0028955777688867623,0.00019763047017330772,0.9536364984875884,0.39540524678614924,0.025320639285518882,5.6715061150002705e-55,PORT_Defensive,Defensive,portfolio,Carhart4,-0.3109817822337913,0.03321713103804598,7.817449482164698e-21,0.14148923699854718,0.03046743915567339,3.4181178745842462e-06,-0.11923621898678968,0.025414150160282898,2.709103161634569e-06
